url	status	final_url	redirects	content_type	time_seconds	error
https://al-eshraqa.co/	200	https://al-eshraqa.co/	0	text/html; charset=utf-8	2.048277	
https://al-eshraqa.co/articles	200	https://al-eshraqa.co/articles	0	text/html; charset=utf-8	2.046522	
https://al-eshraqa.co/where-we-work	200	https://al-eshraqa.co/where-we-work	0	text/html; charset=utf-8	2.208936	
https://al-eshraqa.co/booking	200	https://al-eshraqa.co/booking	0	text/html; charset=utf-8	2.247370	
https://al-eshraqa.co/about	200	https://al-eshraqa.co/about	0	text/html; charset=utf-8	2.258809	
https://al-eshraqa.co/customer-service	200	https://al-eshraqa.co/customer-service	0	text/html; charset=utf-8	2.268686	
https://al-eshraqa.co/articles/ac-maintenance-guide	200	https://al-eshraqa.co/articles/ac-maintenance-guide	0	text/html; charset=utf-8	2.325193	
https://al-eshraqa.co/articles/home-cleaning-guide	200	https://al-eshraqa.co/articles/home-cleaning-guide	0	text/html; charset=utf-8	2.367406	
https://al-eshraqa.co/services	200	https://al-eshraqa.co/services	0	text/html; charset=utf-8	2.483566	
https://al-eshraqa.co/privacy	200	https://al-eshraqa.co/privacy	0	text/html; charset=utf-8	2.478480	
https://al-eshraqa.co/calculator	200	https://al-eshraqa.co/calculator	0	text/html; charset=utf-8	2.570321	
https://al-eshraqa.co/faq	200	https://al-eshraqa.co/faq	0	text/html; charset=utf-8	2.711057	
https://al-eshraqa.co/articles/kitchen-care-guide	200	https://al-eshraqa.co/articles/kitchen-care-guide	0	text/html; charset=utf-8	2.166201	
https://al-eshraqa.co/articles/furniture-moving-guide	200	https://al-eshraqa.co/articles/furniture-moving-guide	0	text/html; charset=utf-8	2.438799	
https://al-eshraqa.co/articles/home-cleaning-service-saudi-arabia	200	https://al-eshraqa.co/articles/home-cleaning-service-saudi-arabia	0	text/html; charset=utf-8	2.131171	
https://al-eshraqa.co/articles/furniture-moving-service-saudi-arabia	200	https://al-eshraqa.co/articles/furniture-moving-service-saudi-arabia	0	text/html; charset=utf-8	2.120831	
https://al-eshraqa.co/articles/apartment-cleaning-guide	200	https://al-eshraqa.co/articles/apartment-cleaning-guide	0	text/html; charset=utf-8	2.466510	
https://al-eshraqa.co/articles/majlis-cleaning-guide	200	https://al-eshraqa.co/articles/majlis-cleaning-guide	0	text/html; charset=utf-8	2.430384	
https://al-eshraqa.co/articles/cleaning-riyadh	200	https://al-eshraqa.co/articles/cleaning-riyadh	0	text/html; charset=utf-8	2.121017	
https://al-eshraqa.co/articles/pest-control-guide	200	https://al-eshraqa.co/articles/pest-control-guide	0	text/html; charset=utf-8	2.489259	
https://al-eshraqa.co/articles/carpet-cleaning-guide	200	https://al-eshraqa.co/articles/carpet-cleaning-guide	0	text/html; charset=utf-8	2.581167	
https://al-eshraqa.co/articles/tank-cleaning-guide	200	https://al-eshraqa.co/articles/tank-cleaning-guide	0	text/html; charset=utf-8	2.724536	
https://al-eshraqa.co/articles/ac-maintenance-service-saudi-arabia	200	https://al-eshraqa.co/articles/ac-maintenance-service-saudi-arabia	0	text/html; charset=utf-8	2.635554	
https://al-eshraqa.co/articles/ac-maintenance-jeddah	200	https://al-eshraqa.co/articles/ac-maintenance-jeddah	0	text/html; charset=utf-8	2.722712	
https://al-eshraqa.co/articles/moving-makkah	200	https://al-eshraqa.co/articles/moving-makkah	0	text/html; charset=utf-8	2.130073	
https://al-eshraqa.co/articles/moving-abha	200	https://al-eshraqa.co/articles/moving-abha	0	text/html; charset=utf-8	1.974824	
https://al-eshraqa.co/articles/kitchen-cleaning-tabuk	200	https://al-eshraqa.co/articles/kitchen-cleaning-tabuk	0	text/html; charset=utf-8	2.267751	
https://al-eshraqa.co/articles/ac-maintenance-taif	200	https://al-eshraqa.co/articles/ac-maintenance-taif	0	text/html; charset=utf-8	2.332476	
https://al-eshraqa.co/articles/home-services-buraydah	200	https://al-eshraqa.co/articles/home-services-buraydah	0	text/html; charset=utf-8	2.190041	
https://al-eshraqa.co/articles/kitchen-cleaning-madinah	200	https://al-eshraqa.co/articles/kitchen-cleaning-madinah	0	text/html; charset=utf-8	2.536611	
https://al-eshraqa.co/articles/home-services-dammam	200	https://al-eshraqa.co/articles/home-services-dammam	0	text/html; charset=utf-8	2.723043	
https://al-eshraqa.co/articles/ac-maintenance-hail	200	https://al-eshraqa.co/articles/ac-maintenance-hail	0	text/html; charset=utf-8	2.339878	
https://al-eshraqa.co/articles/cleaning-khobar	200	https://al-eshraqa.co/articles/cleaning-khobar	0	text/html; charset=utf-8	2.746748	
https://al-eshraqa.co/articles/kitchen-cleaning-najran	200	https://al-eshraqa.co/articles/kitchen-cleaning-najran	0	text/html; charset=utf-8	2.026629	
https://al-eshraqa.co/articles/cleaning-unaizah	200	https://al-eshraqa.co/articles/cleaning-unaizah	0	text/html; charset=utf-8	3.032779	
https://al-eshraqa.co/articles/moving-jazan	200	https://al-eshraqa.co/articles/moving-jazan	0	text/html; charset=utf-8	2.794453	
https://al-eshraqa.co/articles/cleaning-jubail	200	https://al-eshraqa.co/articles/cleaning-jubail	0	text/html; charset=utf-8	2.142974	
https://al-eshraqa.co/articles/home-services-al-ahsa	200	https://al-eshraqa.co/articles/home-services-al-ahsa	0	text/html; charset=utf-8	2.712937	
https://al-eshraqa.co/articles/moving-sakaka	200	https://al-eshraqa.co/articles/moving-sakaka	0	text/html; charset=utf-8	2.171671	
https://al-eshraqa.co/articles/kitchen-cleaning-arar	200	https://al-eshraqa.co/articles/kitchen-cleaning-arar	0	text/html; charset=utf-8	2.203732	
https://al-eshraqa.co/articles/ac-maintenance-yanbu	200	https://al-eshraqa.co/articles/ac-maintenance-yanbu	0	text/html; charset=utf-8	2.266950	
https://al-eshraqa.co/articles/home-services-al-bahah	200	https://al-eshraqa.co/articles/home-services-al-bahah	0	text/html; charset=utf-8	2.278013	
https://al-eshraqa.co/articles/cleaning-khamis-mushait	200	https://al-eshraqa.co/articles/cleaning-khamis-mushait	0	text/html; charset=utf-8	2.172008	
https://al-eshraqa.co/articles/moving-ras-tanura	200	https://al-eshraqa.co/articles/moving-ras-tanura	0	text/html; charset=utf-8	2.163186	
https://al-eshraqa.co/articles/ac-maintenance-qatif	200	https://al-eshraqa.co/articles/ac-maintenance-qatif	0	text/html; charset=utf-8	2.589259	
https://al-eshraqa.co/articles/cleaning-al-majmaah	200	https://al-eshraqa.co/articles/cleaning-al-majmaah	0	text/html; charset=utf-8	2.308535	
https://al-eshraqa.co/articles/cleaning-al-kharj	200	https://al-eshraqa.co/articles/cleaning-al-kharj	0	text/html; charset=utf-8	2.352832	
https://al-eshraqa.co/articles/kitchen-cleaning-dhahran	200	https://al-eshraqa.co/articles/kitchen-cleaning-dhahran	0	text/html; charset=utf-8	3.413664	
https://al-eshraqa.co/articles/moving-shaqra	200	https://al-eshraqa.co/articles/moving-shaqra	0	text/html; charset=utf-8	2.095477	
https://al-eshraqa.co/articles/home-services-rabigh	200	https://al-eshraqa.co/articles/home-services-rabigh	0	text/html; charset=utf-8	2.132216	
https://al-eshraqa.co/articles/cleaning-al-lith	200	https://al-eshraqa.co/articles/cleaning-al-lith	0	text/html; charset=utf-8	2.169869	
https://al-eshraqa.co/articles/ac-maintenance-turbah	200	https://al-eshraqa.co/articles/ac-maintenance-turbah	0	text/html; charset=utf-8	2.188865	
https://al-eshraqa.co/articles/kitchen-cleaning-qunfudhah	200	https://al-eshraqa.co/articles/kitchen-cleaning-qunfudhah	0	text/html; charset=utf-8	2.361587	
https://al-eshraqa.co/articles/moving-al-wajh	200	https://al-eshraqa.co/articles/moving-al-wajh	0	text/html; charset=utf-8	2.154150	
https://al-eshraqa.co/articles/ac-maintenance-zulfi	200	https://al-eshraqa.co/articles/ac-maintenance-zulfi	0	text/html; charset=utf-8	3.236753	
https://al-eshraqa.co/articles/home-services-duba	200	https://al-eshraqa.co/articles/home-services-duba	0	text/html; charset=utf-8	2.364911	
https://al-eshraqa.co/articles/cleaning-al-ula	200	https://al-eshraqa.co/articles/cleaning-al-ula	0	text/html; charset=utf-8	2.212275	
https://al-eshraqa.co/articles/ac-maintenance-al-khafji	200	https://al-eshraqa.co/articles/ac-maintenance-al-khafji	0	text/html; charset=utf-8	2.266650	
https://al-eshraqa.co/articles/kitchen-cleaning-umlaj	200	https://al-eshraqa.co/articles/kitchen-cleaning-umlaj	0	text/html; charset=utf-8	3.037143	
https://al-eshraqa.co/articles/kitchen-cleaning-qurayyat	200	https://al-eshraqa.co/articles/kitchen-cleaning-qurayyat	0	text/html; charset=utf-8	2.335641	
https://al-eshraqa.co/articles/home-services-tayma	200	https://al-eshraqa.co/articles/home-services-tayma	0	text/html; charset=utf-8	2.180720	
https://al-eshraqa.co/articles/kitchen-cleaning-afif	200	https://al-eshraqa.co/articles/kitchen-cleaning-afif	0	text/html; charset=utf-8	2.023423	
https://al-eshraqa.co/articles/moving-hafar-al-batin	200	https://al-eshraqa.co/articles/moving-hafar-al-batin	0	text/html; charset=utf-8	3.012534	
https://al-eshraqa.co/articles/home-services-dawadmi	200	https://al-eshraqa.co/articles/home-services-dawadmi	0	text/html; charset=utf-8	2.152213	
https://al-eshraqa.co/articles/cleaning-rass	200	https://al-eshraqa.co/articles/cleaning-rass	0	text/html; charset=utf-8	2.810751	
https://al-eshraqa.co/articles/cleaning-wadi-ad-dawasir	200	https://al-eshraqa.co/articles/cleaning-wadi-ad-dawasir	0	text/html; charset=utf-8	2.077513	
https://al-eshraqa.co/articles/moving-mithnab	200	https://al-eshraqa.co/articles/moving-mithnab	0	text/html; charset=utf-8	3.218762	
https://al-eshraqa.co/articles/ac-maintenance-al-kharma	200	https://al-eshraqa.co/articles/ac-maintenance-al-kharma	0	text/html; charset=utf-8	2.772140	
https://al-eshraqa.co/articles/home-services-muhayil	200	https://al-eshraqa.co/articles/home-services-muhayil	0	text/html; charset=utf-8	1.951096	
https://al-eshraqa.co/articles/moving-ranyah	200	https://al-eshraqa.co/articles/moving-ranyah	0	text/html; charset=utf-8	3.361673	
https://al-eshraqa.co/articles/cleaning-sabya	200	https://al-eshraqa.co/articles/cleaning-sabya	0	text/html; charset=utf-8	2.339768	
https://al-eshraqa.co/articles/kitchen-cleaning-bisha	200	https://al-eshraqa.co/articles/kitchen-cleaning-bisha	0	text/html; charset=utf-8	3.333517	
https://al-eshraqa.co/articles/moving-abu-arish	200	https://al-eshraqa.co/articles/moving-abu-arish	0	text/html; charset=utf-8	2.174905	
https://al-eshraqa.co/articles/ac-maintenance-samtah	200	https://al-eshraqa.co/articles/ac-maintenance-samtah	0	text/html; charset=utf-8	2.503807	
https://al-eshraqa.co/articles/ac-maintenance-bukayriyah	200	https://al-eshraqa.co/articles/ac-maintenance-bukayriyah	0	text/html; charset=utf-8	4.843484	
https://al-eshraqa.co/articles/kitchen-cleaning-al-namas	200	https://al-eshraqa.co/articles/kitchen-cleaning-al-namas	0	text/html; charset=utf-8	2.225061	
https://al-eshraqa.co/articles/home-services-baljurashi	200	https://al-eshraqa.co/articles/home-services-baljurashi	0	text/html; charset=utf-8	2.431928	
https://al-eshraqa.co/articles/cleaning-al-mandaq	200	https://al-eshraqa.co/articles/cleaning-al-mandaq	0	text/html; charset=utf-8	2.277008	
https://al-eshraqa.co/articles/ac-maintenance-al-ardah	200	https://al-eshraqa.co/articles/ac-maintenance-al-ardah	0	text/html; charset=utf-8	2.304891	
https://al-eshraqa.co/articles/moving-kaec	200	https://al-eshraqa.co/articles/moving-kaec	0	text/html; charset=utf-8	2.280393	
https://al-eshraqa.co/services/home-cleaning/riyadh	200	https://al-eshraqa.co/services/home-cleaning/riyadh	0	text/html; charset=utf-8	2.061953	
https://al-eshraqa.co/services/home-cleaning/madinah	200	https://al-eshraqa.co/services/home-cleaning/madinah	0	text/html; charset=utf-8	2.035722	
https://al-eshraqa.co/services/home-cleaning/jeddah	200	https://al-eshraqa.co/services/home-cleaning/jeddah	0	text/html; charset=utf-8	2.192326	
https://al-eshraqa.co/services/home-cleaning/tabuk	200	https://al-eshraqa.co/services/home-cleaning/tabuk	0	text/html; charset=utf-8	1.897852	
https://al-eshraqa.co/services/home-cleaning/dammam	200	https://al-eshraqa.co/services/home-cleaning/dammam	0	text/html; charset=utf-8	2.166719	
https://al-eshraqa.co/services/home-cleaning/makkah	200	https://al-eshraqa.co/services/home-cleaning/makkah	0	text/html; charset=utf-8	2.356927	
https://al-eshraqa.co/services/home-cleaning/abha	200	https://al-eshraqa.co/services/home-cleaning/abha	0	text/html; charset=utf-8	2.056346	
https://al-eshraqa.co/services/home-cleaning/hail	200	https://al-eshraqa.co/services/home-cleaning/hail	0	text/html; charset=utf-8	1.885137	
https://al-eshraqa.co/services/home-cleaning/buraydah	200	https://al-eshraqa.co/services/home-cleaning/buraydah	0	text/html; charset=utf-8	2.406103	
https://al-eshraqa.co/services/home-cleaning/khamis-mushait	200	https://al-eshraqa.co/services/home-cleaning/khamis-mushait	0	text/html; charset=utf-8	2.483582	
https://al-eshraqa.co/services/home-cleaning/khobar	200	https://al-eshraqa.co/services/home-cleaning/khobar	0	text/html; charset=utf-8	3.144117	
https://al-eshraqa.co/services/home-cleaning/najran	200	https://al-eshraqa.co/services/home-cleaning/najran	0	text/html; charset=utf-8	2.029333	
https://al-eshraqa.co/services/sofa-cleaning/riyadh	200	https://al-eshraqa.co/services/sofa-cleaning/riyadh	0	text/html; charset=utf-8	1.979428	
https://al-eshraqa.co/services/sofa-cleaning/madinah	200	https://al-eshraqa.co/services/sofa-cleaning/madinah	0	text/html; charset=utf-8	2.117865	
https://al-eshraqa.co/services/sofa-cleaning/jeddah	200	https://al-eshraqa.co/services/sofa-cleaning/jeddah	0	text/html; charset=utf-8	2.165226	
https://al-eshraqa.co/services/sofa-cleaning/makkah	200	https://al-eshraqa.co/services/sofa-cleaning/makkah	0	text/html; charset=utf-8	2.333599	
https://al-eshraqa.co/services/home-cleaning/taif	200	https://al-eshraqa.co/services/home-cleaning/taif	0	text/html; charset=utf-8	3.160407	
https://al-eshraqa.co/services/home-cleaning/jazan	200	https://al-eshraqa.co/services/home-cleaning/jazan	0	text/html; charset=utf-8	3.142498	
https://al-eshraqa.co/services/sofa-cleaning/dammam	200	https://al-eshraqa.co/services/sofa-cleaning/dammam	0	text/html; charset=utf-8	2.328777	
https://al-eshraqa.co/services/sofa-cleaning/abha	200	https://al-eshraqa.co/services/sofa-cleaning/abha	0	text/html; charset=utf-8	2.253416	
https://al-eshraqa.co/services/sofa-cleaning/tabuk	200	https://al-eshraqa.co/services/sofa-cleaning/tabuk	0	text/html; charset=utf-8	2.404725	
https://al-eshraqa.co/services/sofa-cleaning/khamis-mushait	200	https://al-eshraqa.co/services/sofa-cleaning/khamis-mushait	0	text/html; charset=utf-8	2.250394	
https://al-eshraqa.co/services/sofa-cleaning/khobar	200	https://al-eshraqa.co/services/sofa-cleaning/khobar	0	text/html; charset=utf-8	2.561511	
https://al-eshraqa.co/services/sofa-cleaning/taif	200	https://al-eshraqa.co/services/sofa-cleaning/taif	0	text/html; charset=utf-8	2.093911	
https://al-eshraqa.co/services/sofa-cleaning/buraydah	200	https://al-eshraqa.co/services/sofa-cleaning/buraydah	0	text/html; charset=utf-8	2.855732	
https://al-eshraqa.co/services/tank-cleaning/jeddah	200	https://al-eshraqa.co/services/tank-cleaning/jeddah	0	text/html; charset=utf-8	2.216792	
https://al-eshraqa.co/services/tank-cleaning/makkah	200	https://al-eshraqa.co/services/tank-cleaning/makkah	0	text/html; charset=utf-8	2.091260	
https://al-eshraqa.co/services/tank-cleaning/riyadh	200	https://al-eshraqa.co/services/tank-cleaning/riyadh	0	text/html; charset=utf-8	2.318992	
https://al-eshraqa.co/services/sofa-cleaning/najran	200	https://al-eshraqa.co/services/sofa-cleaning/najran	0	text/html; charset=utf-8	2.689919	
https://al-eshraqa.co/services/sofa-cleaning/jazan	200	https://al-eshraqa.co/services/sofa-cleaning/jazan	0	text/html; charset=utf-8	2.973270	
https://al-eshraqa.co/services/tank-cleaning/dammam	200	https://al-eshraqa.co/services/tank-cleaning/dammam	0	text/html; charset=utf-8	2.132082	
https://al-eshraqa.co/services/sofa-cleaning/hail	200	https://al-eshraqa.co/services/sofa-cleaning/hail	0	text/html; charset=utf-8	3.752256	
https://al-eshraqa.co/services/tank-cleaning/tabuk	200	https://al-eshraqa.co/services/tank-cleaning/tabuk	0	text/html; charset=utf-8	2.275912	
https://al-eshraqa.co/services/tank-cleaning/khobar	200	https://al-eshraqa.co/services/tank-cleaning/khobar	0	text/html; charset=utf-8	2.344130	
https://al-eshraqa.co/services/tank-cleaning/madinah	200	https://al-eshraqa.co/services/tank-cleaning/madinah	0	text/html; charset=utf-8	3.081157	
https://al-eshraqa.co/services/tank-cleaning/abha	200	https://al-eshraqa.co/services/tank-cleaning/abha	0	text/html; charset=utf-8	2.260083	
https://al-eshraqa.co/services/tank-cleaning/khamis-mushait	200	https://al-eshraqa.co/services/tank-cleaning/khamis-mushait	0	text/html; charset=utf-8	2.310053	
https://al-eshraqa.co/services/tank-cleaning/najran	200	https://al-eshraqa.co/services/tank-cleaning/najran	0	text/html; charset=utf-8	2.099137	
https://al-eshraqa.co/services/tank-cleaning/jazan	200	https://al-eshraqa.co/services/tank-cleaning/jazan	0	text/html; charset=utf-8	2.206718	
https://al-eshraqa.co/services/tank-cleaning/buraydah	200	https://al-eshraqa.co/services/tank-cleaning/buraydah	0	text/html; charset=utf-8	2.692231	
https://al-eshraqa.co/services/home-maintenance/riyadh	200	https://al-eshraqa.co/services/home-maintenance/riyadh	0	text/html; charset=utf-8	2.108624	
https://al-eshraqa.co/services/tank-cleaning/hail	200	https://al-eshraqa.co/services/tank-cleaning/hail	0	text/html; charset=utf-8	2.953093	
https://al-eshraqa.co/services/tank-cleaning/taif	200	https://al-eshraqa.co/services/tank-cleaning/taif	0	text/html; charset=utf-8	2.943235	
https://al-eshraqa.co/services/home-maintenance/jeddah	200	https://al-eshraqa.co/services/home-maintenance/jeddah	0	text/html; charset=utf-8	2.172842	
https://al-eshraqa.co/services/home-maintenance/madinah	200	https://al-eshraqa.co/services/home-maintenance/madinah	0	text/html; charset=utf-8	2.172913	
https://al-eshraqa.co/services/home-maintenance/makkah	200	https://al-eshraqa.co/services/home-maintenance/makkah	0	text/html; charset=utf-8	2.285911	
https://al-eshraqa.co/services/home-maintenance/dammam	200	https://al-eshraqa.co/services/home-maintenance/dammam	0	text/html; charset=utf-8	2.323663	
https://al-eshraqa.co/services/home-maintenance/khobar	200	https://al-eshraqa.co/services/home-maintenance/khobar	0	text/html; charset=utf-8	2.153429	
https://al-eshraqa.co/services/home-maintenance/khamis-mushait	200	https://al-eshraqa.co/services/home-maintenance/khamis-mushait	0	text/html; charset=utf-8	2.211335	
https://al-eshraqa.co/services/home-maintenance/tabuk	200	https://al-eshraqa.co/services/home-maintenance/tabuk	0	text/html; charset=utf-8	2.581778	
https://al-eshraqa.co/services/home-maintenance/buraydah	200	https://al-eshraqa.co/services/home-maintenance/buraydah	0	text/html; charset=utf-8	2.338663	
https://al-eshraqa.co/services/home-maintenance/jazan	200	https://al-eshraqa.co/services/home-maintenance/jazan	0	text/html; charset=utf-8	2.157888	
https://al-eshraqa.co/services/home-maintenance/taif	200	https://al-eshraqa.co/services/home-maintenance/taif	0	text/html; charset=utf-8	2.257780	
https://al-eshraqa.co/services/home-maintenance/hail	200	https://al-eshraqa.co/services/home-maintenance/hail	0	text/html; charset=utf-8	2.428666	
https://al-eshraqa.co/services/home-maintenance/najran	200	https://al-eshraqa.co/services/home-maintenance/najran	0	text/html; charset=utf-8	2.483548	
https://al-eshraqa.co/services/home-maintenance/abha	200	https://al-eshraqa.co/services/home-maintenance/abha	0	text/html; charset=utf-8	3.102950	
https://al-eshraqa.co/services/ac-maintenance/riyadh	200	https://al-eshraqa.co/services/ac-maintenance/riyadh	0	text/html; charset=utf-8	3.052921	
https://al-eshraqa.co/services/ac-maintenance/jeddah	200	https://al-eshraqa.co/services/ac-maintenance/jeddah	0	text/html; charset=utf-8	3.167280	
https://al-eshraqa.co/services/ac-maintenance/madinah	200	https://al-eshraqa.co/services/ac-maintenance/madinah	0	text/html; charset=utf-8	2.632092	
https://al-eshraqa.co/services/ac-maintenance/abha	200	https://al-eshraqa.co/services/ac-maintenance/abha	0	text/html; charset=utf-8	2.041778	
https://al-eshraqa.co/services/ac-maintenance/tabuk	200	https://al-eshraqa.co/services/ac-maintenance/tabuk	0	text/html; charset=utf-8	2.338529	
https://al-eshraqa.co/services/ac-maintenance/dammam	200	https://al-eshraqa.co/services/ac-maintenance/dammam	0	text/html; charset=utf-8	2.575688	
https://al-eshraqa.co/services/ac-maintenance/makkah	200	https://al-eshraqa.co/services/ac-maintenance/makkah	0	text/html; charset=utf-8	3.607709	
https://al-eshraqa.co/services/ac-maintenance/khobar	200	https://al-eshraqa.co/services/ac-maintenance/khobar	0	text/html; charset=utf-8	2.994502	
https://al-eshraqa.co/services/ac-maintenance/buraydah	200	https://al-eshraqa.co/services/ac-maintenance/buraydah	0	text/html; charset=utf-8	2.691357	
https://al-eshraqa.co/services/ac-maintenance/khamis-mushait	200	https://al-eshraqa.co/services/ac-maintenance/khamis-mushait	0	text/html; charset=utf-8	3.223031	
https://al-eshraqa.co/services/ac-maintenance/najran	200	https://al-eshraqa.co/services/ac-maintenance/najran	0	text/html; charset=utf-8	2.908111	
https://al-eshraqa.co/services/ac-maintenance/taif	200	https://al-eshraqa.co/services/ac-maintenance/taif	0	text/html; charset=utf-8	3.741519	
https://al-eshraqa.co/services/furniture-moving/jeddah	200	https://al-eshraqa.co/services/furniture-moving/jeddah	0	text/html; charset=utf-8	2.621123	
https://al-eshraqa.co/services/ac-maintenance/jazan	200	https://al-eshraqa.co/services/ac-maintenance/jazan	0	text/html; charset=utf-8	3.933861	
https://al-eshraqa.co/services/furniture-moving/tabuk	200	https://al-eshraqa.co/services/furniture-moving/tabuk	0	text/html; charset=utf-8	2.300495	
https://al-eshraqa.co/services/furniture-moving/dammam	200	https://al-eshraqa.co/services/furniture-moving/dammam	0	text/html; charset=utf-8	3.012152	
https://al-eshraqa.co/services/furniture-moving/abha	200	https://al-eshraqa.co/services/furniture-moving/abha	0	text/html; charset=utf-8	2.229534	
https://al-eshraqa.co/services/ac-maintenance/hail	200	https://al-eshraqa.co/services/ac-maintenance/hail	0	text/html; charset=utf-8	5.172229	
https://al-eshraqa.co/services/furniture-moving/riyadh	200	https://al-eshraqa.co/services/furniture-moving/riyadh	0	text/html; charset=utf-8	4.202834	
https://al-eshraqa.co/services/furniture-moving/madinah	200	https://al-eshraqa.co/services/furniture-moving/madinah	0	text/html; charset=utf-8	3.493987	
https://al-eshraqa.co/services/furniture-moving/makkah	200	https://al-eshraqa.co/services/furniture-moving/makkah	0	text/html; charset=utf-8	3.569870	
https://al-eshraqa.co/services/furniture-moving/khobar	200	https://al-eshraqa.co/services/furniture-moving/khobar	0	text/html; charset=utf-8	3.530748	
https://al-eshraqa.co/services/furniture-moving/buraydah	200	https://al-eshraqa.co/services/furniture-moving/buraydah	0	text/html; charset=utf-8	2.245349	
https://al-eshraqa.co/services/furniture-moving/khamis-mushait	200	https://al-eshraqa.co/services/furniture-moving/khamis-mushait	0	text/html; charset=utf-8	2.416009	
https://al-eshraqa.co/services/furniture-moving/hail	200	https://al-eshraqa.co/services/furniture-moving/hail	0	text/html; charset=utf-8	2.392286	
https://al-eshraqa.co/services/furniture-moving/jazan	200	https://al-eshraqa.co/services/furniture-moving/jazan	0	text/html; charset=utf-8	2.296080	
https://al-eshraqa.co/services/pest-control/riyadh	200	https://al-eshraqa.co/services/pest-control/riyadh	0	text/html; charset=utf-8	1.941480	
https://al-eshraqa.co/services/pest-control/makkah	200	https://al-eshraqa.co/services/pest-control/makkah	0	text/html; charset=utf-8	1.840755	
https://al-eshraqa.co/services/furniture-moving/najran	200	https://al-eshraqa.co/services/furniture-moving/najran	0	text/html; charset=utf-8	2.152566	
https://al-eshraqa.co/services/pest-control/madinah	200	https://al-eshraqa.co/services/pest-control/madinah	0	text/html; charset=utf-8	2.171021	
https://al-eshraqa.co/services/pest-control/dammam	200	https://al-eshraqa.co/services/pest-control/dammam	0	text/html; charset=utf-8	2.311782	
https://al-eshraqa.co/services/furniture-moving/taif	200	https://al-eshraqa.co/services/furniture-moving/taif	0	text/html; charset=utf-8	3.168172	
https://al-eshraqa.co/services/pest-control/jeddah	200	https://al-eshraqa.co/services/pest-control/jeddah	0	text/html; charset=utf-8	2.714554	
https://al-eshraqa.co/services/pest-control/khobar	200	https://al-eshraqa.co/services/pest-control/khobar	0	text/html; charset=utf-8	2.129356	
https://al-eshraqa.co/services/pest-control/tabuk	200	https://al-eshraqa.co/services/pest-control/tabuk	0	text/html; charset=utf-8	2.170450	
https://al-eshraqa.co/services/pest-control/abha	200	https://al-eshraqa.co/services/pest-control/abha	0	text/html; charset=utf-8	2.486079	
https://al-eshraqa.co/services/pest-control/khamis-mushait	200	https://al-eshraqa.co/services/pest-control/khamis-mushait	0	text/html; charset=utf-8	2.197013	
https://al-eshraqa.co/services/pest-control/taif	200	https://al-eshraqa.co/services/pest-control/taif	0	text/html; charset=utf-8	2.021633	
https://al-eshraqa.co/services/pest-control/hail	200	https://al-eshraqa.co/services/pest-control/hail	0	text/html; charset=utf-8	2.136146	
https://al-eshraqa.co/services/pest-control/jazan	200	https://al-eshraqa.co/services/pest-control/jazan	0	text/html; charset=utf-8	2.289101	
https://al-eshraqa.co/services/pest-control/buraydah	200	https://al-eshraqa.co/services/pest-control/buraydah	0	text/html; charset=utf-8	2.421944	
https://al-eshraqa.co/services/pest-control/najran	200	https://al-eshraqa.co/services/pest-control/najran	0	text/html; charset=utf-8	2.163844	
https://al-eshraqa.co/services/insulation/riyadh	200	https://al-eshraqa.co/services/insulation/riyadh	0	text/html; charset=utf-8	2.259806	
https://al-eshraqa.co/services/insulation/makkah	200	https://al-eshraqa.co/services/insulation/makkah	0	text/html; charset=utf-8	2.115604	
https://al-eshraqa.co/services/insulation/jeddah	200	https://al-eshraqa.co/services/insulation/jeddah	0	text/html; charset=utf-8	2.722715	
https://al-eshraqa.co/services/insulation/dammam	200	https://al-eshraqa.co/services/insulation/dammam	0	text/html; charset=utf-8	2.142516	
https://al-eshraqa.co/services/insulation/madinah	200	https://al-eshraqa.co/services/insulation/madinah	0	text/html; charset=utf-8	2.556971	
https://al-eshraqa.co/services/insulation/khobar	200	https://al-eshraqa.co/services/insulation/khobar	0	text/html; charset=utf-8	2.232671	
https://al-eshraqa.co/services/insulation/tabuk	200	https://al-eshraqa.co/services/insulation/tabuk	0	text/html; charset=utf-8	2.135924	
https://al-eshraqa.co/services/insulation/hail	200	https://al-eshraqa.co/services/insulation/hail	0	text/html; charset=utf-8	1.978699	
https://al-eshraqa.co/services/insulation/buraydah	200	https://al-eshraqa.co/services/insulation/buraydah	0	text/html; charset=utf-8	2.561265	
https://al-eshraqa.co/services/insulation/taif	200	https://al-eshraqa.co/services/insulation/taif	0	text/html; charset=utf-8	2.741669	
https://al-eshraqa.co/services/insulation/jazan	200	https://al-eshraqa.co/services/insulation/jazan	0	text/html; charset=utf-8	2.466772	
https://al-eshraqa.co/services/insulation/abha	200	https://al-eshraqa.co/services/insulation/abha	0	text/html; charset=utf-8	3.394751	
https://al-eshraqa.co/services/painting/riyadh	200	https://al-eshraqa.co/services/painting/riyadh	0	text/html; charset=utf-8	2.441190	
https://al-eshraqa.co/services/insulation/najran	200	https://al-eshraqa.co/services/insulation/najran	0	text/html; charset=utf-8	3.140811	
https://al-eshraqa.co/services/painting/jeddah	200	https://al-eshraqa.co/services/painting/jeddah	0	text/html; charset=utf-8	2.727242	
https://al-eshraqa.co/services/painting/makkah	200	https://al-eshraqa.co/services/painting/makkah	0	text/html; charset=utf-8	3.298163	
https://al-eshraqa.co/services/painting/dammam	200	https://al-eshraqa.co/services/painting/dammam	0	text/html; charset=utf-8	2.734305	
https://al-eshraqa.co/services/insulation/khamis-mushait	200	https://al-eshraqa.co/services/insulation/khamis-mushait	0	text/html; charset=utf-8	4.749978	
https://al-eshraqa.co/services/painting/madinah	200	https://al-eshraqa.co/services/painting/madinah	0	text/html; charset=utf-8	3.165589	
https://al-eshraqa.co/services/painting/khobar	200	https://al-eshraqa.co/services/painting/khobar	0	text/html; charset=utf-8	2.911951	
https://al-eshraqa.co/services/painting/buraydah	200	https://al-eshraqa.co/services/painting/buraydah	0	text/html; charset=utf-8	1.944055	
https://al-eshraqa.co/services/painting/tabuk	200	https://al-eshraqa.co/services/painting/tabuk	0	text/html; charset=utf-8	2.529571	
https://al-eshraqa.co/services/painting/khamis-mushait	200	https://al-eshraqa.co/services/painting/khamis-mushait	0	text/html; charset=utf-8	2.316057	
https://al-eshraqa.co/services/painting/hail	200	https://al-eshraqa.co/services/painting/hail	0	text/html; charset=utf-8	1.964990	
https://al-eshraqa.co/services/painting/jazan	200	https://al-eshraqa.co/services/painting/jazan	0	text/html; charset=utf-8	2.591458	
https://al-eshraqa.co/services/painting/taif	200	https://al-eshraqa.co/services/painting/taif	0	text/html; charset=utf-8	2.732935	
https://al-eshraqa.co/services/painting/najran	200	https://al-eshraqa.co/services/painting/najran	0	text/html; charset=utf-8	2.477388	
https://al-eshraqa.co/services/painting/abha	200	https://al-eshraqa.co/services/painting/abha	0	text/html; charset=utf-8	5.035462	
